{"cameraMode":{"drawMode":0,"name":"Shaded","section":"Shading Mode"},"sceneLighting":false,"audioPlay":false,"sceneViewState":{"showFog":false,"showMaterialUpdate":false,"showSkybox":false,"showFlares":false,"showImageEffects":false,"showParticleSystems":false},"in2DMode":false,"pivot":{"x":2.2749128341674806,"y":0.21042416989803315,"z":-0.05744948238134384},"rotation":{"x":-0.02039737068116665,"y":-0.0005917595699429512,"z":0.000013288371519593056,"w":-0.9997991919517517},"size":118.07171630859375,"orthographic":false}