{"cameraMode":{"drawMode":0,"name":"Shaded","section":"Shading Mode"},"sceneLighting":true,"audioPlay":false,"sceneViewState":{"showFog":false,"showMaterialUpdate":false,"showSkybox":false,"showFlares":false,"showImageEffects":false,"showParticleSystems":false},"in2DMode":false,"pivot":{"x":-4.521306991577148,"y":-1.63112211227417,"z":-4.959878921508789},"rotation":{"x":0.24563997983932496,"y":-0.19526268541812898,"z":0.05058715119957924,"w":0.948147714138031},"size":19.652328491210939,"orthographic":false}