{"cameraMode":{"drawMode":0,"name":"Shaded","section":"Shading Mode"},"sceneLighting":true,"audioPlay":false,"sceneViewState":{"showFog":false,"showMaterialUpdate":false,"showSkybox":false,"showFlares":false,"showImageEffects":false,"showParticleSystems":false},"in2DMode":false,"pivot":{"x":-3.165015935897827,"y":-0.27841871976852419,"z":-6.962375640869141},"rotation":{"x":-0.07095035910606384,"y":-0.6885656714439392,"z":0.0679558664560318,"w":-0.718540608882904},"size":4.778374671936035,"orthographic":false}