{"cameraMode":{"drawMode":0,"name":"Shaded","section":"Shading Mode"},"sceneLighting":false,"audioPlay":false,"sceneViewState":{"showFog":false,"showMaterialUpdate":false,"showSkybox":false,"showFlares":false,"showImageEffects":false,"showParticleSystems":false},"in2DMode":false,"pivot":{"x":2.770646095275879,"y":0.14676368236541749,"z":0.7288745641708374},"rotation":{"x":0.05068754032254219,"y":-0.9486516118049622,"z":0.20160053670406342,"w":0.23848986625671388},"size":0.7144709229469299,"orthographic":false}